{"cameraMode":{"drawMode":0,"name":"Shaded","section":"Shading Mode"},"sceneLighting":true,"audioPlay":false,"sceneViewState":{"m_AlwaysRefresh":false,"showFog":true,"showSkybox":true,"showFlares":true,"showImageEffects":true,"showParticleSystems":true,"showVisualEffectGraphs":true,"m_FxEnabled":true},"in2DMode":false,"pivot":{"x":-0.44334208965301516,"y":-0.13492941856384278,"z":0.032240331172943118},"rotation":{"x":0.229579895734787,"y":-0.42187491059303286,"z":0.11132491379976273,"w":0.8700128793716431},"size":0.4966568350791931,"orthographic":true}