{"cameraMode":{"drawMode":0,"name":"Shaded","section":"Shading Mode"},"sceneLighting":false,"audioPlay":false,"sceneViewState":{"m_AlwaysRefresh":false,"showFog":true,"showSkybox":false,"showFlares":true,"showImageEffects":true,"showParticleSystems":true,"showVisualEffectGraphs":true,"m_FxEnabled":true},"in2DMode":false,"pivot":{"x":0.0395297035574913,"y":-0.04816170036792755,"z":-0.005774069577455521},"rotation":{"x":-0.11630304902791977,"y":-0.881405234336853,"z":0.28808146715164187,"w":-0.35583531856536868},"size":0.11030246317386627,"orthographic":false}